{
  "single_request": {
    "text_1": {
      "min": 0.03854012489318848,
      "max": 0.12591099739074707,
      "mean": 0.049686861038208005,
      "median": 0.03989708423614502,
      "p95": 0.12591099739074707,
      "text_length": 25
    },
    "text_2": {
      "min": 0.04986691474914551,
      "max": 0.05190396308898926,
      "mean": 0.050973153114318846,
      "median": 0.05107855796813965,
      "p95": 0.05190396308898926,
      "text_length": 105
    },
    "text_3": {
      "min": 0.07180190086364746,
      "max": 0.09768033027648926,
      "mean": 0.07718875408172607,
      "median": 0.07459652423858643,
      "p95": 0.09768033027648926,
      "text_length": 229
    }
  },
  "concurrent": {
    "batch_1": {
      "min_throughput": 17.595697463198125,
      "max_throughput": 19.387735857778107,
      "avg_throughput": 18.83067575395443,
      "latencies": {
        "min": 0.050972938537597656,
        "max": 0.050972938537597656,
        "mean": 0.050972938537597656,
        "p95": 0.050972938537597656
      }
    },
    "batch_5": {
      "min_throughput": 13.061379049621546,
      "max_throughput": 20.422521769784648,
      "avg_throughput": 19.158502139080888,
      "latencies": {
        "min": 0.05288124084472656,
        "max": 0.24381184577941895,
        "mean": 0.14907302856445312,
        "p95": 0.24381184577941895
      }
    },
    "batch_10": {
      "min_throughput": 19.292103781603824,
      "max_throughput": 20.928156858988178,
      "avg_throughput": 19.918881449959052,
      "latencies": {
        "min": 0.056802988052368164,
        "max": 0.4921891689300537,
        "mean": 0.26438140869140625,
        "p95": 0.4921891689300537
      }
    },
    "batch_25": {
      "min_throughput": 18.264345791030966,
      "max_throughput": 21.399217602534822,
      "avg_throughput": 20.4132507609454,
      "latencies": {
        "min": 0.05963706970214844,
        "max": 1.1511077880859375,
        "mean": 0.6067735576629638,
        "p95": 1.103309154510498
      }
    },
    "batch_50": {
      "min_throughput": 19.38531468718927,
      "max_throughput": 21.16523267553961,
      "avg_throughput": 20.696877452109078,
      "latencies": {
        "min": 0.06502509117126465,
        "max": 2.3405251502990723,
        "mean": 1.1963934469223023,
        "p95": 2.244786024093628
      }
    }
  },
  "resource_usage": {
    "cpu": {
      "min": 0.0,
      "max": 50.6,
      "avg": 21.87
    },
    "memory": {
      "min": 82.4,
      "max": 82.5,
      "avg": 82.41000000000001
    }
  }
}