{
  "single_request": {
    "text_1": {
      "min": 0.0320131778717041,
      "max": 0.2318871021270752,
      "mean": 0.05470902919769287,
      "median": 0.03400397300720215,
      "p95": 0.2318871021270752,
      "text_length": 25
    },
    "text_2": {
      "min": 0.05104517936706543,
      "max": 0.06849837303161621,
      "mean": 0.05638346672058105,
      "median": 0.05370497703552246,
      "p95": 0.06849837303161621,
      "text_length": 105
    },
    "text_3": {
      "min": 0.06872820854187012,
      "max": 0.08567571640014648,
      "mean": 0.07226550579071045,
      "median": 0.07077205181121826,
      "p95": 0.08567571640014648,
      "text_length": 229
    }
  },
  "concurrent": {
    "batch_1": {
      "min_throughput": 14.650287291080877,
      "max_throughput": 20.389402556997716,
      "avg_throughput": 18.829119015244203,
      "latencies": {
        "min": 0.0493009090423584,
        "max": 0.0493009090423584,
        "mean": 0.0493009090423584,
        "p95": 0.0493009090423584
      }
    },
    "batch_5": {
      "min_throughput": 19.0461105883977,
      "max_throughput": 20.652785560445643,
      "avg_throughput": 19.939693930337334,
      "latencies": {
        "min": 0.05542778968811035,
        "max": 0.239058256149292,
        "mean": 0.1484506607055664,
        "p95": 0.239058256149292
      }
    },
    "batch_10": {
      "min_throughput": 21.28647467935575,
      "max_throughput": 21.928375635022004,
      "avg_throughput": 21.663358366827538,
      "latencies": {
        "min": 0.052618980407714844,
        "max": 0.4527170658111572,
        "mean": 0.2538660764694214,
        "p95": 0.4527170658111572
      }
    },
    "batch_25": {
      "min_throughput": 11.43878338129056,
      "max_throughput": 21.9933347302336,
      "avg_throughput": 20.505530574441945,
      "latencies": {
        "min": 0.06459331512451172,
        "max": 1.1464989185333252,
        "mean": 0.599627275466919,
        "p95": 1.1017498970031738
      }
    },
    "batch_50": {
      "min_throughput": 20.350798266979044,
      "max_throughput": 21.614929443244105,
      "avg_throughput": 21.133266301474315,
      "latencies": {
        "min": 0.06894707679748535,
        "max": 2.361786127090454,
        "mean": 1.233931484222412,
        "p95": 2.270364761352539
      }
    }
  },
  "resource_usage": {
    "cpu": {
      "min": 0.0,
      "max": 66.7,
      "avg": 22.76
    },
    "memory": {
      "min": 83.2,
      "max": 83.2,
      "avg": 83.2
    }
  }
}