{
  "single_request": {
    "text_1": {
      "min": 0.009712934494018555,
      "max": 0.11936426162719727,
      "mean": 0.022391104698181154,
      "median": 0.01008296012878418,
      "p95": 0.11936426162719727,
      "text_length": 25
    },
    "text_2": {
      "min": 0.011988162994384766,
      "max": 0.013647317886352539,
      "mean": 0.0128617525100708,
      "median": 0.012794017791748047,
      "p95": 0.013647317886352539,
      "text_length": 105
    },
    "text_3": {
      "min": 0.015416860580444336,
      "max": 0.01659870147705078,
      "mean": 0.01592087745666504,
      "median": 0.015935420989990234,
      "p95": 0.01659870147705078,
      "text_length": 229
    }
  },
  "concurrent": {
    "batch_1": {
      "min_throughput": 65.1552490135769,
      "max_throughput": 84.31609206955473,
      "avg_throughput": 78.07919265395567,
      "latencies": {
        "min": 0.011823892593383789,
        "max": 0.011823892593383789,
        "mean": 0.011823892593383789,
        "p95": 0.011823892593383789
      }
    },
    "batch_5": {
      "min_throughput": 82.89957505682379,
      "max_throughput": 95.54092654770095,
      "avg_throughput": 91.7579399264948,
      "latencies": {
        "min": 0.01583099365234375,
        "max": 0.05187201499938965,
        "mean": 0.03380594253540039,
        "p95": 0.05187201499938965
      }
    },
    "batch_10": {
      "min_throughput": 53.97824553817326,
      "max_throughput": 100.15506911727132,
      "avg_throughput": 92.56292661851,
      "latencies": {
        "min": 0.01731705665588379,
        "max": 0.10086297988891602,
        "mean": 0.05996725559234619,
        "p95": 0.10086297988891602
      }
    },
    "batch_25": {
      "min_throughput": 85.0438327211324,
      "max_throughput": 101.76130866136077,
      "avg_throughput": 96.00988589165149,
      "latencies": {
        "min": 0.021442651748657227,
        "max": 0.2339310646057129,
        "mean": 0.12986000061035155,
        "p95": 0.2248518466949463
      }
    },
    "batch_50": {
      "min_throughput": 89.28188424337917,
      "max_throughput": 105.5645127596953,
      "avg_throughput": 99.4085082441246,
      "latencies": {
        "min": 0.025162935256958008,
        "max": 0.5155329704284668,
        "mean": 0.28924490451812745,
        "p95": 0.49826502799987793
      }
    }
  },
  "resource_usage": {
    "cpu": {
      "min": 0.0,
      "max": 35.3,
      "avg": 15.64
    },
    "memory": {
      "min": 80.9,
      "max": 81.1,
      "avg": 80.99
    }
  }
}