{
  "single_request": {
    "text_1": {
      "min": 0.008466005325317383,
      "max": 0.09673881530761719,
      "mean": 0.018157577514648436,
      "median": 0.009129881858825684,
      "p95": 0.09673881530761719,
      "text_length": 25
    },
    "text_2": {
      "min": 0.01076197624206543,
      "max": 0.012271881103515625,
      "mean": 0.011401772499084473,
      "median": 0.011510372161865234,
      "p95": 0.012271881103515625,
      "text_length": 105
    },
    "text_3": {
      "min": 0.014075756072998047,
      "max": 0.02365422248840332,
      "mean": 0.018098616600036622,
      "median": 0.017649531364440918,
      "p95": 0.02365422248840332,
      "text_length": 229
    }
  },
  "concurrent": {
    "batch_1": {
      "min_throughput": 50.91657764397397,
      "max_throughput": 89.21583391827792,
      "avg_throughput": 81.04210312542251,
      "latencies": {
        "min": 0.011343002319335938,
        "max": 0.011343002319335938,
        "mean": 0.011343002319335938,
        "p95": 0.011343002319335938
      }
    },
    "batch_5": {
      "min_throughput": 84.74471343653902,
      "max_throughput": 105.63241375489213,
      "avg_throughput": 97.90790487509297,
      "latencies": {
        "min": 0.017995834350585938,
        "max": 0.0506749153137207,
        "mean": 0.03494257926940918,
        "p95": 0.0506749153137207
      }
    },
    "batch_10": {
      "min_throughput": 98.13257465864318,
      "max_throughput": 106.18302966782868,
      "avg_throughput": 103.16428778856988,
      "latencies": {
        "min": 0.016222000122070312,
        "max": 0.08870792388916016,
        "mean": 0.05397188663482666,
        "p95": 0.08870792388916016
      }
    },
    "batch_25": {
      "min_throughput": 92.06547105832936,
      "max_throughput": 109.8443120797987,
      "avg_throughput": 105.8481405411891,
      "latencies": {
        "min": 0.021235942840576172,
        "max": 0.21176719665527344,
        "mean": 0.11723444938659668,
        "p95": 0.20354199409484863
      }
    },
    "batch_50": {
      "min_throughput": 9.854618957916449,
      "max_throughput": 111.6445265939069,
      "avg_throughput": 94.13740781740945,
      "latencies": {
        "min": 0.028070926666259766,
        "max": 5.039393186569214,
        "mean": 0.3395277547836304,
        "p95": 0.46074604988098145
      }
    }
  },
  "resource_usage": {
    "cpu": {
      "min": 0.0,
      "max": 43.2,
      "avg": 8.57
    },
    "memory": {
      "min": 83.7,
      "max": 83.8,
      "avg": 83.72
    }
  }
}